{"timestamps": [1520465067.517752, 1520465073.03195, 1520465074.702531, 1520465077.448052, 1520465078.861863], "initial_reset_timestamp": 1520465057.472841, "episode_types": ["t", "t", "t", "t", "t", "t"], "episode_lengths": [200, 147, 93, 165, 144], "episode_rewards": [-200.0, -147.0, -93.0, -165.0, -144.0]}