{"timestamps": [1520479529.3537, 1520479533.640475, 1520479533.853809, 1520479534.001437, 1520479534.128813, 1520479534.24592, 1520479534.3406, 1520479534.432425, 1520479538.334218, 1520479538.518959, 1520479538.643699, 1520479538.761027, 1520479538.886902, 1520479539.083916, 1520479539.209376, 1520479539.344383, 1520479539.470964, 1520479539.600774, 1520479539.732148, 1520479539.847027, 1520479539.948521, 1520479540.041085, 1520479540.138971, 1520479540.230884, 1520479540.324007, 1520479540.416634, 1520479540.513785, 1520479544.609683, 1520479544.902867, 1520479545.052117, 1520479545.209231, 1520479545.352717, 1520479545.482612, 1520479545.625473, 1520479545.762407, 1520479545.881748, 1520479545.99633, 1520479546.086337, 1520479546.17717, 1520479546.266767, 1520479546.355567, 1520479546.451264, 1520479546.54514, 1520479546.635613, 1520479546.727325, 1520479546.816426, 1520479546.917941, 1520479547.013772, 1520479547.10734, 1520479547.197483, 1520479547.290687, 1520479547.379857, 1520479547.467602, 1520479547.557115, 1520479547.647557, 1520479547.768402, 1520479547.880946, 1520479547.987091, 1520479548.12233, 1520479548.265296, 1520479548.412508, 1520479548.538096, 1520479548.695456, 1520479548.819353], "initial_reset_timestamp": 1520479523.080227, "episode_types": ["t", "t", "t", "t", "t", "t", "t", "t", "t", "t", "t", "t", "t", "t", "t", "t", "t", "t", "t", "t", "t", "t", "t", "t", "t", "t", "t", "t", "t", "t", "t", "t", "t", "t", "t", "t", "t", "t", "t", "t", "t", "t", "t", "t", "t", "t", "t", "t", "t", "t", "t", "t", "t", "t", "t", "t", "t", "t", "t", "t", "t", "t", "t", "t", "t"], "episode_lengths": [200, 200, 200, 200, 200, 200, 200, 200, 200, 200, 200, 200, 200, 200, 200, 200, 200, 200, 200, 200, 200, 200, 200, 200, 200, 200, 200, 200, 200, 200, 200, 200, 200, 200, 200, 200, 200, 200, 200, 200, 200, 200, 200, 200, 200, 200, 200, 200, 200, 200, 200, 200, 200, 200, 200, 200, 200, 200, 200, 200, 200, 200, 200, 200], "episode_rewards": [-200.0, -200.0, -200.0, -200.0, -200.0, -200.0, -200.0, -200.0, -200.0, -200.0, -200.0, -200.0, -200.0, -200.0, -200.0, -200.0, -200.0, -200.0, -200.0, -200.0, -200.0, -200.0, -200.0, -200.0, -200.0, -200.0, -200.0, -200.0, -200.0, -200.0, -200.0, -200.0, -200.0, -200.0, -200.0, -200.0, -200.0, -200.0, -200.0, -200.0, -200.0, -200.0, -200.0, -200.0, -200.0, -200.0, -200.0, -200.0, -200.0, -200.0, -200.0, -200.0, -200.0, -200.0, -200.0, -200.0, -200.0, -200.0, -200.0, -200.0, -200.0, -200.0, -200.0, -200.0]}